Mom and Pops,Consumer Utils,Big Boxes
5,0.0,0
5,21.09821699484784,0
5,19.729881970299154,0
5,18.151993882485826,0
5,18.418522997071396,0
5,19.944623678759,0
5,16.384528939284824,0
5,19.765728452206098,0
5,15.716525460770697,0
5,17.026755217111262,0
5,18.80166876743464,0
5,19.402979037693964,0
5,18.824057114419123,0
5,18.289761401801062,0
5,19.181403858064808,0
5,19.01469966275455,0
5,17.622212885426162,0
5,15.962765037083921,0
5,17.194092106311757,0
5,18.623866441393705,0
5,19.12953796956816,1
5,21.766699717541904,1
5,21.419251472447574,1
5,21.166638787130875,1
5,20.420115948342385,1
5,19.24205705908491,1
5,21.014118581548992,1
5,21.154700879457558,1
5,19.26005652046616,1
4,20.41576841111727,1
3,17.728688937787243,1
3,17.125751115269026,1
3,20.126550859160243,1
1,13.313614569831525,1
1,16.27405263697793,1
1,12.545853225104821,1
0,12.996295347035021,1
0,12.445794972868027,1
0,11.37932837984298,1
0,12.590884838754874,1
0,13.365147228427194,1
0,12.096492116896668,1
0,13.56337065052722,1
0,14.1280990208261,1
0,14.826006304701203,1
0,12.538164511434106,1
0,13.897917395946783,1
0,15.659217943697584,1
0,13.192603486178378,1
0,15.335269888335787,1
0,12.95883666644045,1
0,13.103474075993963,1
0,11.661901275460686,1
0,15.404949296530654,1
0,12.834347282699325,1
0,14.497866500551892,1
0,13.123709505034938,1
0,13.008086955416477,1
0,13.231842023988992,1
0,15.497832648498644,1
0,10.14524856842529,1
0,11.116978338092773,1
0,11.519131786117791,1
0,13.862754401831852,1
0,13.067572044308339,1
0,14.972028329146525,1
0,11.836522857862029,1
0,13.402228059983416,1
0,10.745907677719535,1
0,15.600682666269428,1
0,14.277105786588848,1
0,12.712379224513363,1
0,12.78017754290794,1
0,14.784139482314314,1
0,14.32163892401517,1
0,15.69087371180359,1
0,16.442213911140932,1
0,16.918308281892106,1
0,11.529673465699206,1
0,9.996385612673226,1
0,14.979168600355667,1
0,13.685346827881698,1
0,14.603882467422062,1
0,11.465040490658556,1
0,12.868433508503127,1
0,12.990653486399458,1
0,13.270065961394753,1
0,11.593340422335661,1
0,12.030311368808903,1
0,12.482892636884971,1
0,14.895704661759666,1
0,13.179914151893021,1
0,13.05729104808957,1
0,12.541867646103228,1
0,13.719497540208616,1
0,13.291474262659245,1
0,16.251656485384164,1
0,16.640596668798334,1
0,11.302700395065868,1
0,12.030327248174563,1
