Mom and Pops,Consumer Utils,Big Boxes
5,0.0,0
5,18.951223373959575,0
5,18.60678080389196,0
5,14.863812469319711,0
5,18.797627326965365,0
5,18.884150739295187,0
5,21.54503567104641,0
5,19.267051507493754,0
5,20.206621134514982,0
5,18.29949978094328,0
5,18.137414443039596,0
5,19.78603418375284,0
5,18.08715485333871,0
5,18.500152435017583,0
5,18.556621504800102,0
5,17.19672170285323,0
5,15.449468088634108,0
5,19.241737238763918,0
5,20.458379624186932,0
5,19.8949116687209,0
5,15.434909660152961,1
5,21.78907073866771,1
5,22.116249196302057,1
5,20.998753975153917,1
5,20.781552359498907,1
5,20.423522894964893,1
5,19.169954127177977,1
5,22.507271362309517,1
5,18.676139528842974,1
5,22.037441423547794,1
3,21.59421770800912,1
2,16.553894233048712,1
1,14.546178440798364,1
1,16.49923493907565,1
0,16.89238129691407,1
0,11.561298827882977,1
0,15.88836874874754,1
0,14.659854998453882,1
0,12.606720625309151,1
0,12.744075213248717,1
0,13.119123142600754,1
0,13.548324673804562,1
0,12.435341201880988,1
0,12.305076108405888,1
0,10.088271377455918,1
0,12.48656034222459,1
0,15.382997763872067,1
0,13.246861192181553,1
0,13.30601700067429,1
0,15.108002952760073,1
0,11.810824809424604,1
0,15.200763966192472,1
0,9.426621893165526,1
0,15.352222992220181,1
0,10.49719134134603,1
0,13.025113196009722,1
0,13.705606414600984,1
0,12.829493188133679,1
0,14.406431363177099,1
0,15.357284818805745,1
0,14.130003592710311,1
0,12.378062119718907,1
0,15.251164074375954,1
0,12.81951140366585,1
0,14.132218632521234,1
0,12.521494000252726,1
0,11.301740695492672,1
0,12.818407830005656,1
0,17.009728536222607,1
0,15.455272076014696,1
0,14.214954596855826,1
0,12.542557472165758,1
0,11.50456916498849,1
0,14.450826935036794,1
0,11.775606936916162,1
0,13.550079573733548,1
0,12.940761392691789,1
0,12.99080460077705,1
0,11.847680214472806,1
0,15.734762623443546,1
0,13.831651282909776,1
0,13.66145415351784,1
0,10.871008269208613,1
0,15.336669291845451,1
0,13.15396394144559,1
0,15.312474131523281,1
0,12.279654438778085,1
0,13.745276322610014,1
0,13.595544150218453,1
0,10.981264742055838,1
0,16.652081580508533,1
0,13.017619147509546,1
0,13.34261153766258,1
0,12.062470913869491,1
0,14.799447053997238,1
0,15.64541408512826,1
0,13.611886556921652,1
0,12.56312110322918,1
0,14.235739000147925,1
0,15.252798247313137,1
