Mom and Pops,Consumer Utils,Big Boxes
5,0.0,0
5,18.175194375550763,0
5,17.621684306419912,0
5,17.38473695059345,0
5,17.898093589004375,0
5,18.287798374137168,0
5,17.531192719600924,0
5,18.204832630127758,0
5,17.340735479645435,0
5,21.480399818420842,0
5,19.62548079214433,0
5,17.281291108511066,0
5,17.94868774437,0
5,19.127685662412727,0
5,16.742368252523104,0
5,19.10121607630722,0
5,17.592272855889725,0
5,15.699616415915026,0
5,17.51244407243629,0
5,18.17419266787628,0
5,17.32156849778731,1
5,20.928705656490564,1
5,22.20591170633917,1
5,20.747233335782852,1
5,20.823929106401067,1
5,21.312579213569645,1
5,20.665940435529947,1
5,21.66329483031671,1
5,20.37510183751449,1
5,21.278551803272663,1
4,20.176029061551358,1
4,17.45456702868079,1
4,17.991683492356596,1
3,17.112140574098508,1
0,12.881693538226338,1
0,12.751641510917231,1
0,12.246243414992744,1
0,13.7873270148448,1
0,14.760798994085055,1
0,12.172807027910844,1
0,16.682563055747764,1
0,12.314469760620957,1
0,12.020364466174101,1
0,12.306103572717445,1
0,14.118314753860945,1
0,10.277471666996675,1
0,13.575205903064074,1
0,13.80583965276183,1
0,12.010622645394095,1
0,14.327646632959068,1
0,10.96102127770012,1
0,13.367666998615798,1
0,14.464729926520738,1
0,13.13507701628749,1
0,12.185864513993854,1
0,11.758207129391296,1
0,14.745223021729483,1
0,15.621836980047366,1
0,12.826341465583619,1
0,13.925786980614959,1
0,11.723475479243994,1
0,12.902132093581553,1
0,15.018725425945362,1
0,14.058042298707452,1
0,14.92465175648308,1
0,15.083946412300396,1
0,12.458500585807684,1
0,11.88113565241008,1
0,14.139060334710624,1
0,13.654260092280731,1
0,10.794171722231562,1
0,13.738514359387528,1
0,11.70285077062045,1
0,13.772166174446369,1
0,11.887625382346908,1
0,12.928644257570895,1
0,12.704207323806589,1
0,11.731128539280373,1
0,12.066339124229463,1
0,14.063207303952458,1
0,13.240923924826303,1
0,13.177866794547462,1
0,10.343999214136076,1
0,12.963907034665338,1
0,12.134813356087252,1
0,11.759754484337954,1
0,12.112167119011092,1
0,11.816462644451148,1
0,14.22645773353767,1
0,13.421369002024433,1
0,13.57533483738688,1
0,14.010319956661933,1
0,12.792271330048148,1
0,11.885802045622457,1
0,11.356486666011984,1
0,14.769013169734226,1
0,14.169622395027826,1
0,12.92183927799322,1
0,14.041885838212307,1
0,14.930144217988866,1
