Mom and Pops,Consumer Utils,Big Boxes
5,0.0,0
5,19.2913402342607,0
5,19.4349722094308,0
5,19.071368005550895,0
5,16.1498113557975,0
5,16.274253203805326,0
5,20.636607957061305,0
5,16.981413773710585,0
5,19.5821975558536,0
5,18.85455490542971,0
5,18.88470087456787,0
5,21.031891013800067,0
5,19.00056239697821,0
5,20.350607167311168,0
5,19.446670019253492,0
5,18.757933217929025,0
5,17.239399663922622,0
5,19.67782022555115,0
5,15.922588248341308,0
5,18.210595912289023,0
5,15.30755510406341,1
5,21.57762707055467,1
5,21.495089169667875,1
5,20.772080743258943,1
5,21.168162199047952,1
5,19.8363581475419,1
5,18.47953080478893,1
5,18.772653862741873,1
4,18.482848655406666,1
4,18.84126906612624,1
4,20.710317023850926,1
2,17.937705253454347,1
1,13.109433103429325,1
1,13.180603389311957,1
1,13.14584974464633,1
1,15.59017655561714,1
0,13.139033775438374,1
0,13.19595516878432,1
0,14.856691690960778,1
0,16.924430262250507,1
0,13.367551874914092,1
0,11.825535432614938,1
0,14.747482028771437,1
0,13.001628955816626,1
0,15.4490138648893,1
0,14.74827618762441,1
0,13.756947049508994,1
0,11.343100069724118,1
0,12.966886364662454,1
0,12.461782322323241,1
0,12.496523633206706,1
0,13.686120011968121,1
0,9.881954059994316,1
0,14.062820641321967,1
0,13.046354675054083,1
0,12.860929138117173,1
0,13.042262776743355,1
0,13.987921987788265,1
0,14.566892161973023,1
0,11.873897787039379,1
0,14.542358874386023,1
0,13.028465187993472,1
0,12.718060517243082,1
0,12.900965665528458,1
0,12.211530001698947,1
0,12.181612464118766,1
0,11.9413138016878,1
0,12.880377312280585,1
0,13.462685235565369,1
0,14.35606593527163,1
0,11.633204948292459,1
0,11.897635252484559,1
0,14.951603343600864,1
0,11.71944131613568,1
0,13.480060236822135,1
0,13.223416262119622,1
0,14.133888837883612,1
0,11.827850211041287,1
0,12.658659476867731,1
0,13.52075642131502,1
0,13.57180583192605,1
0,13.916109193964548,1
0,13.97854041281284,1
0,11.746421552691624,1
0,11.498967242258,1
0,14.450679105761097,1
0,12.732950773031485,1
0,16.885078079638177,1
0,12.614098131817808,1
0,14.006309823911925,1
0,12.74412937322269,1
0,10.657017508827298,1
0,13.605846373852899,1
0,14.083310229978716,1
0,13.03483866612742,1
0,14.334599458014663,1
0,14.089622039615712,1
0,11.978995831134608,1
0,15.373550057838509,1
0,15.580183751681183,1
