Mom and Pops,Consumer Utils,Big Boxes
5,0.0,0
5,19.114263427531945,0
5,18.854051151186656,0
5,16.730866190141846,0
5,17.261735528766316,0
5,17.16531237327425,0
5,17.31867712659052,0
5,17.009006637698075,0
5,19.050578144428005,0
5,19.825499921606784,0
5,19.309531436848673,0
5,20.303850773277482,0
5,18.11430248772432,0
5,18.476248356430062,0
5,18.87241596265037,0
5,19.1811180156191,0
5,19.415516767863434,0
5,18.428131408063017,0
5,21.20437611692931,0
5,19.294180324072364,0
5,16.25708046105014,1
5,20.184494829738682,1
5,19.145119169737658,1
5,20.70307392069452,1
5,21.425475750548927,1
5,21.221661217343183,1
5,20.82731534775079,1
5,18.95100219796186,1
5,18.156807649273638,1
4,18.781138870022247,1
2,17.7330790907412,1
0,13.240325042218926,1
0,14.104935087070558,1
0,16.349740081157826,1
0,13.015816595112007,1
0,12.21374471650184,1
0,13.557217469182584,1
0,12.537140272246932,1
0,16.45934068827813,1
0,14.014809853234313,1
0,15.913228557086315,1
0,13.388006566712189,1
0,14.231611303059822,1
0,15.690042256525526,1
0,15.691273920782898,1
0,12.383431762596814,1
0,15.886092522423052,1
0,13.802594119881675,1
0,12.436249999583753,1
0,15.328319656282888,1
0,13.563412783430264,1
0,15.199791370452155,1
0,12.744161562228372,1
0,13.16054453442275,1
0,14.253180406768333,1
0,13.292803577714634,1
0,12.163666188501852,1
0,13.79563497358056,1
0,14.394951657771832,1
0,12.004385136385961,1
0,13.428277099748975,1
0,11.185802567879612,1
0,13.671700898090965,1
0,16.17491477012722,1
0,10.152645522437275,1
0,12.954652681094489,1
0,13.612448098491425,1
0,11.03621893444568,1
0,12.195054561008833,1
0,11.929947133494379,1
0,15.2389077489965,1
0,11.813061919452927,1
0,13.072339644518452,1
0,11.050054923959777,1
0,13.309307000598618,1
0,12.912667308535,1
0,14.016107435988541,1
0,11.930272751693629,1
0,13.593934114431887,1
0,13.59662020196664,1
0,12.118635926383465,1
0,13.687259084823088,1
0,13.814344771094259,1
0,12.11492050488223,1
0,14.372844614730827,1
0,13.903733988716535,1
0,14.489721855362607,1
0,15.660282117212638,1
0,13.060375790406905,1
0,13.740980601261333,1
0,12.5657219600311,1
0,13.639607483716654,1
0,13.626655090393081,1
0,13.765547700423285,1
0,11.237890384957298,1
0,14.145772941400157,1
0,14.352851487678558,1
0,15.02648475171531,1
0,11.728378503665537,1
0,13.60798013745573,1
