Mom and Pops,Consumer Utils,Big Boxes
5,0.0,0
5,17.150753223272492,0
5,15.464499566371757,0
5,19.11508736484331,0
5,20.06689224129894,0
5,19.159800747270232,0
5,18.6876676923334,0
5,18.54799178562261,0
5,17.057156943640596,0
5,17.911138292906294,0
5,16.26762352438792,0
5,20.947751251799453,0
5,16.887723445258867,0
5,19.007758609371137,0
5,20.582833965090867,0
5,18.0122739984586,0
5,18.910252655257842,0
5,20.85583629310118,0
5,21.502814970285183,0
5,18.676508441823422,0
5,17.871143075465277,1
5,20.407017069922333,1
5,20.75417737954719,1
5,21.061813101479498,1
5,20.25006696557642,1
5,18.276915034980416,1
5,20.4719792871821,1
4,15.060187308483096,1
3,18.895572227647293,1
3,17.965423881282174,1
2,17.46923006388641,1
1,14.592522344705301,1
1,16.0159707750144,1
1,12.456094172718542,1
1,15.264924203959932,1
0,14.464413289172722,1
0,11.49033102434943,1
0,12.095716273572535,1
0,12.219930939218493,1
0,14.948654868491959,1
0,11.339688368151293,1
0,14.30063522474776,1
0,15.456158924537768,1
0,14.472236752482903,1
0,15.257084816633505,1
0,11.280682961588038,1
0,13.255843082450484,1
0,13.643605649716338,1
0,14.82513275881719,1
0,13.239040909866016,1
0,15.41712969599819,1
0,13.441213364643545,1
0,12.587046258682388,1
0,11.291743880061025,1
0,12.514604812529818,1
0,12.115608068740706,1
0,13.908270645294058,1
0,13.47497771264751,1
0,12.625405761604423,1
0,12.524717641171899,1
0,13.261940444374073,1
0,12.902447505373976,1
0,12.293959159735097,1
0,13.743441772933181,1
0,11.016909540886221,1
0,15.541826016652823,1
0,12.855500267924901,1
0,13.565362545793333,1
0,11.974152983263055,1
0,12.498346254884119,1
0,14.413447137725488,1
0,11.560218308398515,1
0,11.264623813745814,1
0,12.31336471251568,1
0,14.22491714521322,1
0,15.902856367516236,1
0,13.620171676230878,1
0,12.643215377741141,1
0,12.611176976962058,1
0,12.168560273799583,1
0,13.16297477885891,1
0,12.768076096093008,1
0,11.774943108732511,1
0,12.750783392300976,1
0,13.998124688494311,1
0,14.837079850416762,1
0,13.12826132017614,1
0,11.777587840328925,1
0,12.29877113410782,1
0,14.497996217481012,1
0,11.547323183927508,1
0,13.546890765654167,1
0,13.515311293666972,1
0,13.605705964139473,1
0,14.554833315118447,1
0,13.477133222777233,1
0,11.369910235163328,1
0,11.903249805669299,1
0,11.650078760870421,1
0,14.693316880545071,1
