Mom and Pops,Consumer Utils,Big Boxes
5,0.0,0
5,26.04004321979391,0
5,23.955431159675634,0
5,19.36005773848275,0
5,22.627915903360222,0
5,24.16834908734331,0
5,21.518402115429705,0
5,24.097711023316027,0
5,23.747068097496882,0
5,22.96836475305856,0
5,22.963297940226,0
5,23.988418396991957,0
5,23.57940457212119,0
5,22.99562794985415,0
5,24.121485460395757,0
5,25.481167410953717,0
5,22.431161411216618,0
5,25.08196090946484,0
5,22.873392532836448,0
5,23.667594914268953,0
5,23.369444281959858,1
5,23.653137141560975,1
5,25.861932900154986,1
5,25.388613312649163,1
5,23.57558471404765,1
5,25.96828892489089,1
5,24.932742934774335,1
5,25.25950720927363,1
5,23.822234377609536,1
5,24.335626390373317,1
5,21.83765335939101,1
5,23.739613670411444,1
5,22.367277501617057,1
5,25.40714837857284,1
5,23.795590412026733,1
4,21.252450897704986,1
4,19.518255235786313,1
4,21.423159249880204,1
4,22.078395095853253,1
4,21.641483331464762,1
4,21.614405912716013,1
4,21.281801669680586,1
4,23.17469009165347,1
1,17.835751741550478,1
0,13.181062944031478,1
0,14.114826845957701,1
0,14.149321634787963,1
0,15.749983063027553,1
0,12.65244061168831,1
0,12.399355415551899,1
0,11.535610713753503,1
0,14.94734729123475,1
0,14.276998435249961,1
0,15.367010808173882,1
0,14.107312074447902,1
0,14.97906586756037,1
0,15.762924570676638,1
0,12.029774560110317,1
0,13.632142588524248,1
0,12.571853788701645,1
0,13.694166701254517,1
0,15.185543225039606,1
0,11.540354934935936,1
0,13.938018887426685,1
0,14.505280165276925,1
0,13.128877555646019,1
0,15.12804504404343,1
0,14.399803172181812,1
0,12.866699141211724,1
0,14.549626105063902,1
0,13.395399990998376,1
0,13.489788382327937,1
0,12.608781419324457,1
0,15.275367829263505,1
0,14.35236038090413,1
0,12.20360270494595,1
0,13.304648860383937,1
0,13.382583089405912,1
0,10.657794158941059,1
0,12.916136532415823,1
0,12.31145332017426,1
0,15.14539706022567,1
0,12.135576346434537,1
0,12.007751076137168,1
0,12.545553777018204,1
0,11.655554892816271,1
0,11.292359484552188,1
0,16.518964060644134,1
0,12.262051657034329,1
0,11.258346280551544,1
0,11.034932837554624,1
0,13.998746458370723,1
0,13.406239733011937,1
0,13.903538492428007,1
0,16.85481236644121,1
0,13.020725262270142,1
0,14.896978264692857,1
0,12.363541530546923,1
0,12.471877525907006,1
0,14.612090166604364,1
