Mom and Pops,Consumer Utils,Big Boxes
5,0.0,0
5,25.228558782939636,0
5,22.602363829639703,0
5,24.87605901244236,0
5,24.329946659179253,0
5,19.48545499478562,0
5,23.841186736602367,0
5,23.477039373684494,0
5,22.415573092036624,0
5,21.831501028100767,0
5,22.399485829851525,0
5,22.14099780645154,0
5,25.3087070065464,0
5,23.802322614511016,0
5,25.763574647199388,0
5,23.965326667277722,0
5,20.130716411455225,0
5,22.964664348912123,0
5,22.483386711288414,0
5,21.824228234331024,0
5,20.800982925262637,1
5,24.45697761694001,1
5,24.444137456782247,1
5,27.125645511692476,1
5,24.643250231912564,1
5,24.343267229368106,1
5,24.07858729901394,1
5,25.06823046840554,1
5,23.011116571385088,1
5,23.28362867387724,1
5,23.212802110916794,1
5,24.535707702425825,1
5,24.29130521629393,1
5,26.030145674437172,1
5,26.452438437253925,1
5,24.72758231033512,1
5,26.50942521378261,1
5,26.012117941866244,1
4,23.950439161284685,1
4,21.76443843839149,1
3,21.100844874874817,1
3,18.67238746202598,1
3,21.15747961392466,1
3,20.93321659712771,1
3,18.75900037162089,1
3,20.137874516150156,1
3,18.518333850407068,1
2,18.113504900114012,1
2,14.926122906519256,1
1,12.58516417011357,1
1,16.12232011173247,1
1,17.093508337579273,1
1,16.334048733667224,1
1,15.648623970932181,1
1,16.8798060838331,1
1,14.813910405436374,1
1,16.80629831888703,1
0,14.322948279101103,1
0,13.622836349751768,1
0,15.178766009501912,1
0,13.019994851092267,1
0,15.090354928726702,1
0,14.926273299457392,1
0,12.439462872597138,1
0,13.819486674133096,1
0,14.30389663618165,1
0,11.1334058982981,1
0,11.43197728230803,1
0,10.35271151559033,1
0,14.883071208818619,1
0,12.573024311863785,1
0,11.8699036788137,1
0,13.784706770364819,1
0,13.345813454411505,1
0,12.97037017753907,1
0,13.522040697230574,1
0,13.21050810521628,1
0,13.503660461454484,1
0,12.830126342967418,1
0,13.816371553704338,1
0,12.81545766061507,1
0,12.495871492156828,1
0,13.234602284959406,1
0,12.714339359800764,1
0,12.413657987633858,1
0,12.887500698596144,1
0,13.188814892049272,1
0,10.59836272348909,1
0,13.753104019542475,1
0,11.754443595139302,1
0,10.88815210051695,1
0,14.218978083418122,1
0,14.815305327348423,1
0,14.416757151469355,1
0,10.840214122913261,1
0,14.414267234093705,1
0,14.512568726480017,1
0,14.696017506599986,1
0,11.352008390509969,1
0,14.18472264159119,1
