Mom and Pops,Consumer Utils,Big Boxes
5,0.0,0
5,23.63324361217611,0
5,25.18807477936118,0
5,23.250693059261128,0
5,24.155387331550894,0
5,22.5803705786195,0
5,26.770026356134405,0
5,23.183058787318696,0
5,24.436053994520258,0
5,21.40712767850029,0
5,21.77886805701661,0
5,22.83923866259977,0
5,25.440571740852526,0
5,24.74056464224664,0
5,24.18326999608924,0
5,25.70351022389706,0
5,22.921113529033438,0
5,22.899216479725915,0
5,23.478321858848602,0
5,24.558272736607385,0
5,23.918335673410294,1
5,24.381626568288993,1
5,24.393991167972036,1
5,26.025776077158568,1
5,24.78498346594925,1
5,22.807704870899006,1
5,28.161649319369555,1
5,25.176397725220156,1
5,26.151370016590562,1
5,24.68919651227145,1
5,26.082405249017874,1
5,22.004038193269796,1
5,26.344974778101747,1
5,21.895775699666377,1
5,26.94128985761965,1
4,24.24118170170029,1
4,21.08257864377927,1
4,22.65738809725689,1
3,20.985518980479707,1
3,19.812204646698916,1
2,18.452656079082896,1
1,18.10891383417543,1
1,16.442052020382434,1
1,16.58143110655623,1
0,8.532597958865516,1
0,12.197210819157753,1
0,14.25861570408642,1
0,13.386887056849657,1
0,12.685756677470723,1
0,13.836826735260754,1
0,13.683643895974406,1
0,12.86888378703635,1
0,14.387456976664305,1
0,14.802819387003291,1
0,14.500166376462083,1
0,14.660809453993295,1
0,14.769515746198357,1
0,12.78638969495135,1
0,12.633725832596935,1
0,14.922242800243243,1
0,13.532826669217528,1
0,11.414877201660168,1
0,13.743086915893398,1
0,13.195122473258033,1
0,8.339162303710307,1
0,11.257517999755233,1
0,14.017206303162453,1
0,13.948529861362333,1
0,10.53457700622097,1
0,15.043867079985755,1
0,16.18483814014235,1
0,12.534544310137223,1
0,12.280710667512897,1
0,13.635995612193408,1
0,10.377665748147928,1
0,15.767518129890748,1
0,9.583788805777012,1
0,13.638938185518398,1
0,12.25650328737486,1
0,12.555393223399587,1
0,12.19659148470391,1
0,10.94395496954909,1
0,13.902497051413105,1
0,12.55248778869478,1
0,12.918351178250171,1
0,14.378695835075746,1
0,11.722256943310315,1
0,14.284540302409496,1
0,12.818421472318656,1
0,13.306400838021199,1
0,13.45777697882373,1
0,13.974538164722377,1
0,13.151788513733623,1
0,11.992425683541825,1
0,10.48047839610725,1
0,14.640683676783697,1
0,13.486280471809627,1
0,11.71055513971872,1
0,14.067042299312448,1
0,17.31299085413349,1
