Mom and Pops,Consumer Utils,Big Boxes
5,0.0,0
5,24.773633554685944,0
5,23.785892241446206,0
5,26.826313389930657,0
5,23.24400627667071,0
5,20.98952877852008,0
5,25.0334805831556,0
5,22.992283266819484,0
5,21.475486205059056,0
5,26.447976579237043,0
5,20.136242744800576,0
5,26.931245806907896,0
5,24.384377843619014,0
5,24.331732065077905,0
5,22.691748890516756,0
5,22.35452082675694,0
5,24.9821691072694,0
5,24.89355679090985,0
5,22.756074587576613,0
5,23.540892748718527,0
5,22.617877638004423,1
5,25.021306160418543,1
5,24.58077975077,1
5,24.005327066744787,1
5,23.878584517554142,1
5,23.96916452928134,1
5,22.80945406810312,1
5,24.576335957873958,1
5,23.806483907803273,1
5,27.45919654605344,1
5,23.530733350950076,1
5,25.573958444516066,1
5,21.578746153049757,1
4,24.650311782338278,1
4,23.83100376169538,1
4,22.538685618539443,1
4,21.484227495106992,1
4,21.7087918431918,1
2,21.006099875789168,1
1,14.872244572458781,1
1,12.177532137038106,1
1,18.256693993378335,1
1,13.915652179058359,1
0,15.486494653190618,1
0,13.635588347711487,1
0,11.985569978368913,1
0,15.963079562904962,1
0,13.865580077628133,1
0,11.496067764134459,1
0,15.959538662777241,1
0,12.047377423325603,1
0,14.946654918733557,1
0,13.02136311440808,1
0,12.249228665465386,1
0,12.589928098416035,1
0,13.22814796937933,1
0,12.665193225882332,1
0,13.236700307728036,1
0,13.848565994629618,1
0,10.775784628875583,1
0,12.182139536434343,1
0,14.859854619025834,1
0,11.160035325206342,1
0,14.813839382528938,1
0,12.567148883552273,1
0,10.336125156769157,1
0,11.344769115141556,1
0,13.005454062910593,1
0,13.436369915614378,1
0,12.253064536252264,1
0,15.055891376169235,1
0,13.060948843587537,1
0,10.59017932258275,1
0,11.194671994721116,1
0,13.116014635813555,1
0,11.671021378989755,1
0,13.804276086225132,1
0,13.811337070125521,1
0,12.915995078556284,1
0,11.449361841164094,1
0,11.036941723925121,1
0,15.411731336808257,1
0,15.635827858524172,1
0,13.836118605319975,1
0,12.311228434055309,1
0,14.194899378133599,1
0,15.757694580788517,1
0,14.087266976622084,1
0,13.11542526442115,1
0,12.637909881271773,1
0,16.95127296447788,1
0,14.70174916958376,1
0,10.517874388840383,1
0,13.244127303986463,1
0,12.323747007644698,1
0,11.713916654882789,1
0,13.819834473571596,1
0,13.490277657586457,1
0,13.008031796419923,1
0,14.279245768713944,1
