Mom and Pops,Consumer Utils,Big Boxes
5,0.0,0
5,13.849933752963556,0
5,10.939095813599883,0
5,12.130255922510676,0
5,14.452899553635984,0
5,13.240614086870591,0
5,11.174813656568894,0
5,13.803381611604866,0
5,11.355075672201952,0
5,13.369873301802421,0
5,10.62462737638959,0
5,12.273770456300081,0
5,12.183338976871642,0
5,11.038573109086602,0
5,11.536779796548688,0
5,12.503983551899243,0
5,10.582172334322452,0
5,13.63835858636746,0
5,12.688360968122806,0
5,13.028629931589226,0
5,11.135118178151778,1
5,17.3050174235771,1
5,19.103358652756835,1
5,20.483795590261984,1
5,16.946060472490487,1
5,17.572180137438043,1
5,18.081586345347457,1
3,17.45671595561426,1
1,17.995544221872173,1
0,11.735398957694937,1
0,16.80158149807118,1
0,14.128555999556513,1
0,13.4665456534194,1
0,12.642208371970685,1
0,11.659909390712805,1
0,13.02901133241616,1
0,13.084680426626964,1
0,11.644969569404891,1
0,14.072500509861715,1
0,12.0009624772099,1
0,15.504988033886198,1
0,13.728951401326604,1
0,15.004029118446267,1
0,12.446286837456432,1
0,12.592382566439897,1
0,12.56302656450822,1
0,12.941013147542236,1
0,13.335516869617127,1
0,13.45423021240148,1
0,13.90396505891902,1
0,11.755094743327641,1
0,13.143115478683697,1
0,14.030937438744637,1
0,14.512464654475224,1
0,14.17890358653045,1
0,13.804311815136227,1
0,11.854518778459408,1
0,12.616077588335056,1
0,13.636266240513173,1
0,12.606471318004282,1
0,14.499101436250694,1
0,15.229398490521614,1
0,13.308855542532092,1
0,11.735363930348857,1
0,14.384115424430478,1
0,12.722098090179788,1
0,11.534877656474968,1
0,13.315872431232739,1
0,12.759657302086646,1
0,11.539194198921583,1
0,12.675786310348434,1
0,12.725690087656194,1
0,12.90542105148883,1
0,14.81970647668348,1
0,12.626007815383081,1
