Mom and Pops,Consumer Utils,Big Boxes
5,0.0,0
5,12.954903633575398,0
5,14.089116069238067,0
5,15.487661234750231,0
5,13.193401368986937,0
5,16.155591805985015,0
5,13.824688675466561,0
5,12.987517363680109,0
5,14.750165145720917,0
5,11.785411139090057,0
5,14.9376826675038,0
5,12.082341090969809,0
5,13.671163698418221,0
5,14.052389505383228,0
5,11.120677313781961,0
5,12.59511529901153,0
5,11.996976835168612,0
5,11.82896678679632,0
5,11.37664343873248,0
5,10.716364032990679,0
5,12.801608288487213,1
5,16.77991720036875,1
5,17.79502220539374,1
5,17.939760116175858,1
5,17.8712152426714,1
5,16.67911482434961,1
5,19.15937713867795,1
3,15.877708428398424,1
1,14.635656878022028,1
0,12.718389829736894,1
0,14.70077203754835,1
0,12.055141049710295,1
0,12.876319891754157,1
0,14.056590654555034,1
0,11.69351028030872,1
0,13.66205885416195,1
0,15.023204362449308,1
0,12.40985499967864,1
0,14.75017468484798,1
0,11.445931807154698,1
0,13.560500521419751,1
0,14.611696464263964,1
0,11.275533995709672,1
0,14.834494911584507,1
0,9.084883046714863,1
0,12.6604915977924,1
0,11.32627639960427,1
0,12.124672886884618,1
0,14.810557661731474,1
0,15.022792674832363,1
0,13.8920895978536,1
0,12.74421342737493,1
0,12.826312996543397,1
0,10.71289415378281,1
0,13.73712226758632,1
0,11.33079716808387,1
0,13.624039181769044,1
0,12.76922210464393,1
0,13.343490713425263,1
0,13.395928963117194,1
0,14.833758499249116,1
0,13.360741060255359,1
0,12.91089508756922,1
0,15.59026300355868,1
0,13.252185669230347,1
0,13.728106784351501,1
0,12.325355699991528,1
0,12.967524861778276,1
0,12.839957864739668,1
0,15.166339778811226,1
0,12.637363395835418,1
0,11.817201998848045,1
0,13.499165255417747,1
0,12.467795545049771,1
0,14.755758629190815,1
