Mom and Pops,Consumer Utils,Big Boxes
5,0.0,0
5,10.80125619100523,0
5,13.142068743867686,0
5,10.458380495565956,0
5,13.767591186378645,0
5,13.85322476293366,0
5,13.131687875710524,0
5,15.233979985362131,0
5,14.951668014484166,0
5,12.602189419888118,0
5,14.065673908425108,0
5,12.301133829442914,0
5,10.031568995093648,0
5,17.56300616198604,0
5,11.185179130980503,0
5,12.731719223808652,0
5,13.635895448798147,0
5,15.349675584740787,0
5,11.045201031331048,0
5,11.60200079515332,0
5,10.810249254519878,1
5,18.52565528053501,1
5,19.844965286761962,1
5,16.214037536423824,1
5,17.75423684484078,1
5,19.221822250131,1
4,17.43569702318701,1
3,14.727924214045183,1
2,15.006481343242656,1
0,11.418625727063652,1
0,11.902809558576331,1
0,14.720244658479498,1
0,13.285725528288735,1
0,13.23056692604594,1
0,12.083112889797324,1
0,12.122214092009512,1
0,13.211812935484138,1
0,13.019107661816522,1
0,13.718826649155867,1
0,13.328416975796493,1
0,14.285762211886613,1
0,12.98292060996754,1
0,12.30647221518813,1
0,14.410811969267058,1
0,14.055493130389655,1
0,11.139877941095262,1
0,16.594180326933536,1
0,13.827366819593252,1
0,12.696429735759805,1
0,13.35771654546005,1
0,13.209388537080008,1
0,13.66622492748677,1
0,11.41747197141359,1
0,13.069851325374703,1
0,12.25065651854663,1
0,9.348819847793362,1
0,13.220691309602069,1
0,11.387105157205703,1
0,13.15036364051199,1
0,15.022383457223846,1
0,16.47217166254209,1
0,15.665937993414854,1
0,13.998112798668656,1
0,11.573517850144736,1
0,11.774102786510001,1
0,13.445070215529359,1
0,13.720580792354053,1
0,12.59585764785171,1
0,10.990660318899591,1
0,13.371304722673395,1
0,10.05936446135459,1
0,13.892317574241714,1
0,11.382508352956682,1
0,15.83496961997739,1
0,12.084256592533626,1
