Mom and Pops,Consumer Utils,Big Boxes
5,0.0,0
5,13.276995398751296,0
5,11.54233445825944,0
5,13.720498928181376,0
5,13.4341332201534,0
5,12.352401936227029,0
5,14.743507745295497,0
5,10.169911619773389,0
5,12.760092088732472,0
5,13.734428101027255,0
5,9.437585907272371,0
5,11.97892750714643,0
5,13.17976291772447,0
5,12.919968195864255,0
5,14.168565864006816,0
5,13.45381845368772,0
5,12.308714746611816,0
5,12.105685707374983,0
5,12.4654087858912,0
5,12.531651637981547,0
5,12.787059660401422,1
5,16.880536655734403,1
5,16.138754482572047,1
5,18.159514903721924,1
5,19.020647917342057,1
5,18.799545413927905,1
5,18.95643892055145,1
3,17.786667327646285,1
1,12.964302971733126,1
0,14.109658709473901,1
0,12.231034456412992,1
0,16.615905896881703,1
0,16.53931498236536,1
0,13.816975194220865,1
0,9.23102506591269,1
0,13.290599829692287,1
0,14.875764725091333,1
0,12.397217903803528,1
0,10.90334876286707,1
0,13.774884524093736,1
0,16.406110127946427,1
0,12.233043338463247,1
0,13.70424259880195,1
0,12.75055548322317,1
0,12.385274388432578,1
0,12.123117394120314,1
0,12.254331827063933,1
0,13.428569964368139,1
0,12.269558816243459,1
0,13.678385802276804,1
0,13.85125780683859,1
0,12.430061629859123,1
0,11.749004091978346,1
0,10.709315197018519,1
0,11.051267053427734,1
0,10.919782646436401,1
0,12.215060136242005,1
0,11.603224077280752,1
0,12.796583462307092,1
0,11.884509378199194,1
0,12.753059766042437,1
0,13.407726127115627,1
0,12.638337741477454,1
0,10.917099386850275,1
0,11.180034075317048,1
0,12.441485610396672,1
0,12.169996756645808,1
0,13.354715528716136,1
0,14.564722860048422,1
0,13.711061716257817,1
0,14.796140691252901,1
0,9.781760994143998,1
0,13.1056750123328,1
0,10.434530219458695,1
0,11.311424954207,1
