Mom and Pops,Consumer Utils,Big Boxes
5,0.0,0
5,12.36605084892038,0
5,11.998840961699496,0
5,11.519874360535612,0
5,13.289642653980183,0
5,13.034753769280009,0
5,14.549197012730385,0
5,11.231624843175638,0
5,10.580781009881088,0
5,9.113702920393798,0
5,13.895808714381856,0
5,11.31982714257772,0
5,13.791150043742173,0
5,12.688125783025368,0
5,11.632009424544615,0
5,13.55144703516435,0
5,11.7330869135469,0
5,11.825302419835747,0
5,13.0832242691437,0
5,13.801233142652608,0
5,12.38515148603277,1
5,16.524840237334594,1
5,16.996789625880147,1
5,17.494848177605324,1
5,18.376872770803264,1
5,16.43690331269991,1
5,19.067850049340546,1
3,18.508436057049266,1
0,14.67584288553804,1
0,15.777283467659519,1
0,10.727904855632602,1
0,15.653667060238549,1
0,13.093756489415075,1
0,13.456121362766542,1
0,17.047840975664915,1
0,13.091892592787103,1
0,12.608687087256925,1
0,12.763578237676095,1
0,13.408216653905585,1
0,12.883716635163037,1
0,13.89281990727661,1
0,10.78496325708554,1
0,16.167802148008263,1
0,10.064749731073219,1
0,15.093397171726103,1
0,13.867222050640736,1
0,13.022722833320808,1
0,12.714514403971732,1
0,16.065017191238574,1
0,13.855250250219845,1
0,10.962476079062938,1
0,13.926797842492972,1
0,12.69473096012387,1
0,15.642879760017395,1
0,14.783478791291596,1
0,12.18655363718497,1
0,13.575787058792454,1
0,12.568439993483782,1
0,15.877733561228473,1
0,13.973677324810467,1
0,13.275628568057432,1
0,14.604949237836614,1
0,11.055435653752248,1
0,14.829299546882407,1
0,13.028082478727818,1
0,12.351397913799685,1
0,14.149326055173308,1
0,14.091597307006815,1
0,14.221087133878944,1
0,11.596791102396523,1
0,12.509900876232745,1
0,12.698253808231698,1
0,13.111678019782563,1
0,11.99126497305429,1
0,11.157444932732437,1
