Mom and Pops,Consumer Utils,Big Boxes
5,0.0,0
5,15.245045076812621,0
5,12.485520963112725,0
5,9.923224919603687,0
5,15.094979889333136,0
5,13.406292718716246,0
5,14.348502036997884,0
5,13.935389175626506,0
5,12.845746629283656,0
5,11.984871755400803,0
5,11.439913589792589,0
5,13.45220434164531,0
5,10.611239973027432,0
5,11.348860831143883,0
5,12.491978295110343,0
5,14.021240321371433,0
5,12.414901676716203,0
5,12.680064867769245,0
5,11.147135517257688,0
5,11.521494504102547,0
5,14.90249306518853,1
5,17.21813934972522,1
5,17.382625297849067,1
5,18.217532448837346,1
5,20.179089642469595,1
5,15.617779110482022,1
5,17.302882780950426,1
3,15.837222833976547,1
1,16.902426472629113,1
0,13.84754024579305,1
0,12.546731868361999,1
0,13.909037270949423,1
0,14.113742003080874,1
0,11.00798305327794,1
0,12.697938994206634,1
0,14.000905745470133,1
0,13.35207452556036,1
0,12.954243178220656,1
0,12.227783358653593,1
0,14.629113864866401,1
0,12.051699922217157,1
0,13.150989825459927,1
0,15.572545125306412,1
0,12.468171791077978,1
0,11.198185773721308,1
0,15.495268332909328,1
0,14.015496148467687,1
0,12.385771095568169,1
0,16.492912461199108,1
0,12.745092517583783,1
0,12.300317417277343,1
0,15.67495359053241,1
0,9.486464491684117,1
0,15.602761010481862,1
0,12.88245054897735,1
0,14.125432780487909,1
0,14.072991849800783,1
0,12.957821153630364,1
0,10.388265315012859,1
0,15.401111667248415,1
0,14.911460448265714,1
0,13.877576964646982,1
0,13.536942797187091,1
0,13.106688518018473,1
0,13.32014366178542,1
0,12.06771053295719,1
0,12.797690437868056,1
0,13.509101104833272,1
0,13.478806458152429,1
0,13.813066028983643,1
0,14.092739387514142,1
0,14.065135951223603,1
0,14.523176835162664,1
0,13.529792592382266,1
0,12.485969494927415,1
