Mom and Pops,Consumer Utils,Big Boxes
5,0.0,0
5,13.875651326491356,0
5,11.55434435433997,0
5,11.384050247406517,0
5,12.045461834100024,0
5,12.568170758945039,0
5,14.839405174432148,0
5,13.835386163956613,0
5,10.612759262402744,0
5,14.366385625549645,0
5,12.185716742481834,0
5,14.841275103491094,0
5,14.899911678443278,0
5,13.189733727515334,0
5,13.442568361470446,0
5,10.6492754457953,0
5,10.398364682408978,0
5,14.40221679815498,0
5,15.020336677979683,0
5,12.667660656762243,0
5,14.02279688424141,1
5,15.701389562380655,1
5,17.994908354070024,1
5,17.390491446955004,1
5,18.974229604624757,1
5,17.29025527985523,1
5,18.899733100596684,1
3,18.36712520109146,1
2,15.625941137882897,1
1,14.319460393287198,1
0,12.986744617627522,1
0,14.932096785870291,1
0,13.006727771279293,1
0,13.046444199442108,1
0,11.043777102082826,1
0,11.843758607464387,1
0,14.416870152233116,1
0,13.41327563035692,1
0,11.286367009362701,1
0,11.72076059183349,1
0,12.699480729136218,1
0,13.821163656971784,1
0,11.340466869992756,1
0,15.152859491817413,1
0,16.078151269277978,1
0,12.22752765663364,1
0,14.804692011761492,1
0,14.680365110019185,1
0,10.505360575625573,1
0,13.189282561373574,1
0,14.674621047741562,1
0,13.612885261917594,1
0,11.302528433157883,1
0,14.090505420678273,1
0,12.361131948763937,1
0,13.701698334286302,1
0,11.875551756469253,1
0,13.6462158279685,1
0,14.564518958146635,1
0,13.460497983548212,1
0,13.498079271209612,1
0,10.15341846651149,1
0,11.674213353284202,1
0,11.45083816413942,1
0,13.755799731938096,1
0,11.217690305882371,1
0,12.697112161520964,1
0,11.854682825838685,1
0,12.943007383018193,1
0,11.449603741186094,1
0,12.265390952979978,1
0,10.367414235878847,1
0,13.10344739103924,1
0,12.643615781016162,1
0,15.726940523003163,1
